Name,Project_Id__c,Cluster__c,Status__c,Price__c,Bedrooms__c,Area_Sqm__c
zoya-coastal-villas-001,zoya,Coastal Villas,Available,45000000,5,420
zoya-coastal-villas-002,zoya,Coastal Villas,Available,48150000,5,420
zoya-coastal-villas-003,zoya,Coastal Villas,Available,51300000,5,420
zoya-coastal-villas-004,zoya,Coastal Villas,Available,47700000,5,420
zoya-coastal-villas-005,zoya,Coastal Villas,Available,50850000,5,420
zoya-coastal-villas-006,zoya,Coastal Villas,Available,47250000,5,420
zoya-coastal-villas-007,zoya,Coastal Villas,Available,50400000,5,420
zoya-coastal-villas-008,zoya,Coastal Villas,Reserved,46800000,5,420
zoya-coastal-villas-009,zoya,Coastal Villas,Reserved,49950000,5,420
zoya-coastal-villas-010,zoya,Coastal Villas,Reserved,46350000,5,420
zoya-coastal-villas-011,zoya,Coastal Villas,Reserved,49500000,5,420
zoya-coastal-villas-012,zoya,Coastal Villas,Sold,45900000,5,420
zoya-coastal-villas-013,zoya,Coastal Villas,Sold,49050000,5,420
zoya-coastal-villas-014,zoya,Coastal Villas,Sold,45450000,5,420
zoya-coastal-villas-015,zoya,Coastal Villas,Sold,48600000,5,420
zoya-coastal-villas-016,zoya,Coastal Villas,Sold,45000000,5,420
zoya-coastal-villas-017,zoya,Coastal Villas,Sold,48150000,5,420
zoya-coastal-villas-018,zoya,Coastal Villas,Sold,51300000,5,420
zoya-coastal-villas-019,zoya,Coastal Villas,Sold,47700000,5,420
zoya-coastal-villas-020,zoya,Coastal Villas,Sold,50850000,5,420
zoya-coastal-villas-021,zoya,Coastal Villas,Sold,47250000,5,420
zoya-coastal-villas-022,zoya,Coastal Villas,Sold,50400000,5,420
zoya-coastal-villas-023,zoya,Coastal Villas,Sold,46800000,5,420
zoya-coastal-villas-024,zoya,Coastal Villas,Sold,49950000,5,420
zoya-lagoon-residences-001,zoya,Lagoon Residences,Available,12000000,3,180
zoya-lagoon-residences-002,zoya,Lagoon Residences,Available,12840000,3,180
zoya-lagoon-residences-003,zoya,Lagoon Residences,Available,13680000,3,180
zoya-lagoon-residences-004,zoya,Lagoon Residences,Available,12720000,3,180
zoya-lagoon-residences-005,zoya,Lagoon Residences,Available,13560000,3,180
zoya-lagoon-residences-006,zoya,Lagoon Residences,Available,12600000,3,180
zoya-lagoon-residences-007,zoya,Lagoon Residences,Available,13440000,3,180
zoya-lagoon-residences-008,zoya,Lagoon Residences,Available,12480000,3,180
zoya-lagoon-residences-009,zoya,Lagoon Residences,Available,13320000,3,180
zoya-lagoon-residences-010,zoya,Lagoon Residences,Available,12360000,3,180
zoya-lagoon-residences-011,zoya,Lagoon Residences,Available,13200000,3,180
zoya-lagoon-residences-012,zoya,Lagoon Residences,Available,12240000,3,180
zoya-lagoon-residences-013,zoya,Lagoon Residences,Available,13080000,3,180
zoya-lagoon-residences-014,zoya,Lagoon Residences,Available,12120000,3,180
zoya-lagoon-residences-015,zoya,Lagoon Residences,Available,12960000,3,180
zoya-lagoon-residences-016,zoya,Lagoon Residences,Available,12000000,3,180
zoya-lagoon-residences-017,zoya,Lagoon Residences,Available,12840000,3,180
zoya-lagoon-residences-018,zoya,Lagoon Residences,Available,13680000,3,180
zoya-lagoon-residences-019,zoya,Lagoon Residences,Available,12720000,3,180
zoya-lagoon-residences-020,zoya,Lagoon Residences,Available,13560000,3,180
zoya-lagoon-residences-021,zoya,Lagoon Residences,Available,12600000,3,180
zoya-lagoon-residences-022,zoya,Lagoon Residences,Available,13440000,3,180
zoya-lagoon-residences-023,zoya,Lagoon Residences,Available,12480000,3,180
zoya-lagoon-residences-024,zoya,Lagoon Residences,Available,13320000,3,180
zoya-lagoon-residences-025,zoya,Lagoon Residences,Available,12360000,3,180
zoya-lagoon-residences-026,zoya,Lagoon Residences,Available,13200000,3,180
zoya-lagoon-residences-027,zoya,Lagoon Residences,Reserved,12240000,3,180
zoya-lagoon-residences-028,zoya,Lagoon Residences,Reserved,13080000,3,180
zoya-lagoon-residences-029,zoya,Lagoon Residences,Reserved,12120000,3,180
zoya-lagoon-residences-030,zoya,Lagoon Residences,Reserved,12960000,3,180
zoya-lagoon-residences-031,zoya,Lagoon Residences,Reserved,12000000,3,180
zoya-lagoon-residences-032,zoya,Lagoon Residences,Reserved,12840000,3,180
zoya-lagoon-residences-033,zoya,Lagoon Residences,Reserved,13680000,3,180
zoya-lagoon-residences-034,zoya,Lagoon Residences,Reserved,12720000,3,180
zoya-lagoon-residences-035,zoya,Lagoon Residences,Reserved,13560000,3,180
zoya-lagoon-residences-036,zoya,Lagoon Residences,Reserved,12600000,3,180
zoya-lagoon-residences-037,zoya,Lagoon Residences,Sold,13440000,3,180
zoya-lagoon-residences-038,zoya,Lagoon Residences,Sold,12480000,3,180
zoya-lagoon-residences-039,zoya,Lagoon Residences,Sold,13320000,3,180
zoya-lagoon-residences-040,zoya,Lagoon Residences,Sold,12360000,3,180
zoya-lagoon-residences-041,zoya,Lagoon Residences,Sold,13200000,3,180
zoya-lagoon-residences-042,zoya,Lagoon Residences,Sold,12240000,3,180
zoya-lagoon-residences-043,zoya,Lagoon Residences,Sold,13080000,3,180
zoya-lagoon-residences-044,zoya,Lagoon Residences,Sold,12120000,3,180
zoya-lagoon-residences-045,zoya,Lagoon Residences,Sold,12960000,3,180
zoya-lagoon-residences-046,zoya,Lagoon Residences,Sold,12000000,3,180
zoya-lagoon-residences-047,zoya,Lagoon Residences,Sold,12840000,3,180
zoya-lagoon-residences-048,zoya,Lagoon Residences,Sold,13680000,3,180
zoya-marina-apartments-001,zoya,Marina Apartments,Available,7500000,2,110
zoya-marina-apartments-002,zoya,Marina Apartments,Available,8025000,2,110
zoya-marina-apartments-003,zoya,Marina Apartments,Available,8550000,2,110
zoya-marina-apartments-004,zoya,Marina Apartments,Available,7950000,2,110
zoya-marina-apartments-005,zoya,Marina Apartments,Available,8475000,2,110
zoya-marina-apartments-006,zoya,Marina Apartments,Available,7875000,2,110
zoya-marina-apartments-007,zoya,Marina Apartments,Available,8400000,2,110
zoya-marina-apartments-008,zoya,Marina Apartments,Available,7800000,2,110
zoya-marina-apartments-009,zoya,Marina Apartments,Available,8325000,2,110
zoya-marina-apartments-010,zoya,Marina Apartments,Available,7725000,2,110
zoya-marina-apartments-011,zoya,Marina Apartments,Available,8250000,2,110
zoya-marina-apartments-012,zoya,Marina Apartments,Available,7650000,2,110
zoya-marina-apartments-013,zoya,Marina Apartments,Available,8175000,2,110
zoya-marina-apartments-014,zoya,Marina Apartments,Available,7575000,2,110
zoya-marina-apartments-015,zoya,Marina Apartments,Available,8100000,2,110
zoya-marina-apartments-016,zoya,Marina Apartments,Available,7500000,2,110
zoya-marina-apartments-017,zoya,Marina Apartments,Available,8025000,2,110
zoya-marina-apartments-018,zoya,Marina Apartments,Available,8550000,2,110
zoya-marina-apartments-019,zoya,Marina Apartments,Available,7950000,2,110
zoya-marina-apartments-020,zoya,Marina Apartments,Available,8475000,2,110
zoya-marina-apartments-021,zoya,Marina Apartments,Available,7875000,2,110
zoya-marina-apartments-022,zoya,Marina Apartments,Available,8400000,2,110
zoya-marina-apartments-023,zoya,Marina Apartments,Available,7800000,2,110
zoya-marina-apartments-024,zoya,Marina Apartments,Available,8325000,2,110
zoya-marina-apartments-025,zoya,Marina Apartments,Available,7725000,2,110
zoya-marina-apartments-026,zoya,Marina Apartments,Available,8250000,2,110
zoya-marina-apartments-027,zoya,Marina Apartments,Available,7650000,2,110
zoya-marina-apartments-028,zoya,Marina Apartments,Available,8175000,2,110
zoya-marina-apartments-029,zoya,Marina Apartments,Available,7575000,2,110
zoya-marina-apartments-030,zoya,Marina Apartments,Available,8100000,2,110
zoya-marina-apartments-031,zoya,Marina Apartments,Available,7500000,2,110
zoya-marina-apartments-032,zoya,Marina Apartments,Available,8025000,2,110
zoya-marina-apartments-033,zoya,Marina Apartments,Available,8550000,2,110
zoya-marina-apartments-034,zoya,Marina Apartments,Available,7950000,2,110
zoya-marina-apartments-035,zoya,Marina Apartments,Available,8475000,2,110
zoya-marina-apartments-036,zoya,Marina Apartments,Available,7875000,2,110
zoya-marina-apartments-037,zoya,Marina Apartments,Available,8400000,2,110
zoya-marina-apartments-038,zoya,Marina Apartments,Available,7800000,2,110
zoya-marina-apartments-039,zoya,Marina Apartments,Available,8325000,2,110
zoya-marina-apartments-040,zoya,Marina Apartments,Reserved,7725000,2,110
zoya-marina-apartments-041,zoya,Marina Apartments,Reserved,8250000,2,110
zoya-marina-apartments-042,zoya,Marina Apartments,Reserved,7650000,2,110
zoya-marina-apartments-043,zoya,Marina Apartments,Reserved,8175000,2,110
zoya-marina-apartments-044,zoya,Marina Apartments,Reserved,7575000,2,110
zoya-marina-apartments-045,zoya,Marina Apartments,Reserved,8100000,2,110
zoya-marina-apartments-046,zoya,Marina Apartments,Reserved,7500000,2,110
zoya-marina-apartments-047,zoya,Marina Apartments,Reserved,8025000,2,110
zoya-marina-apartments-048,zoya,Marina Apartments,Reserved,8550000,2,110
zoya-marina-apartments-049,zoya,Marina Apartments,Sold,7950000,2,110
zoya-marina-apartments-050,zoya,Marina Apartments,Sold,8475000,2,110
zoya-marina-apartments-051,zoya,Marina Apartments,Sold,7875000,2,110
zoya-marina-apartments-052,zoya,Marina Apartments,Sold,8400000,2,110
zoya-marina-apartments-053,zoya,Marina Apartments,Sold,7800000,2,110
zoya-marina-apartments-054,zoya,Marina Apartments,Sold,8325000,2,110
zoya-marina-apartments-055,zoya,Marina Apartments,Sold,7725000,2,110
zoya-marina-apartments-056,zoya,Marina Apartments,Sold,8250000,2,110
zoya-marina-apartments-057,zoya,Marina Apartments,Sold,7650000,2,110
zoya-marina-apartments-058,zoya,Marina Apartments,Sold,8175000,2,110
zoya-marina-apartments-059,zoya,Marina Apartments,Sold,7575000,2,110
zoya-marina-apartments-060,zoya,Marina Apartments,Sold,8100000,2,110
zoya-golf-chalets-001,zoya,Golf Chalets,Available,22000000,4,260
zoya-golf-chalets-002,zoya,Golf Chalets,Available,23540000,4,260
zoya-golf-chalets-003,zoya,Golf Chalets,Available,25080000,4,260
zoya-golf-chalets-004,zoya,Golf Chalets,Available,23320000,4,260
zoya-golf-chalets-005,zoya,Golf Chalets,Available,24860000,4,260
zoya-golf-chalets-006,zoya,Golf Chalets,Available,23100000,4,260
zoya-golf-chalets-007,zoya,Golf Chalets,Available,24640000,4,260
zoya-golf-chalets-008,zoya,Golf Chalets,Available,22880000,4,260
zoya-golf-chalets-009,zoya,Golf Chalets,Available,24420000,4,260
zoya-golf-chalets-010,zoya,Golf Chalets,Available,22660000,4,260
zoya-golf-chalets-011,zoya,Golf Chalets,Available,24200000,4,260
zoya-golf-chalets-012,zoya,Golf Chalets,Available,22440000,4,260
zoya-golf-chalets-013,zoya,Golf Chalets,Available,23980000,4,260
zoya-golf-chalets-014,zoya,Golf Chalets,Reserved,22220000,4,260
zoya-golf-chalets-015,zoya,Golf Chalets,Reserved,23760000,4,260
zoya-golf-chalets-016,zoya,Golf Chalets,Reserved,22000000,4,260
zoya-golf-chalets-017,zoya,Golf Chalets,Reserved,23540000,4,260
zoya-golf-chalets-018,zoya,Golf Chalets,Reserved,25080000,4,260
zoya-golf-chalets-019,zoya,Golf Chalets,Reserved,23320000,4,260
zoya-golf-chalets-020,zoya,Golf Chalets,Reserved,24860000,4,260
zoya-golf-chalets-021,zoya,Golf Chalets,Reserved,23100000,4,260
zoya-golf-chalets-022,zoya,Golf Chalets,Sold,24640000,4,260
zoya-golf-chalets-023,zoya,Golf Chalets,Sold,22880000,4,260
zoya-golf-chalets-024,zoya,Golf Chalets,Sold,24420000,4,260
zoya-golf-chalets-025,zoya,Golf Chalets,Sold,22660000,4,260
zoya-golf-chalets-026,zoya,Golf Chalets,Sold,24200000,4,260
zoya-golf-chalets-027,zoya,Golf Chalets,Sold,22440000,4,260
zoya-golf-chalets-028,zoya,Golf Chalets,Sold,23980000,4,260
zoya-golf-chalets-029,zoya,Golf Chalets,Sold,22220000,4,260
zoya-golf-chalets-030,zoya,Golf Chalets,Sold,23760000,4,260
zoya-golf-chalets-031,zoya,Golf Chalets,Sold,22000000,4,260
zoya-golf-chalets-032,zoya,Golf Chalets,Sold,23540000,4,260
